Method	Test RMSE
OLS	720.1122502737793
Boosting	727.9966920771255
Random Forest	751.4156819501628
Ridge	761.4307564876327
Lasso	773.253604530529
