var	rel.inf
preventable_hospitalization	11.696692121072932
high_housing_costs	8.812742382933523
white	6.416607646687143
long_commute_perc	5.21605651858496
pop	4.774357910140831
black	4.6362656329243155
poverty_65_and_over	3.164095719786857
housing_one_unit_structures	3.13188872579293
households_speak_other_indo_euro_lang	2.8785799878212424
households_speak_limited_english	2.5231632450548465
